{
  "cacheBootResources": true,
  "config": [ ],
  "debugBuild": false,
  "entryAssembly": "ZUSE.Client",
  "icuDataMode": 0,
  "linkerEnabled": true,
  "resources": {
    "assembly": {
      "Blazored.LocalStorage.dll": "sha256-eXVgTw72kEn74FZgDQbLtvAmXbiZDSj5gzUnxVmwowQ=",
      "Microsoft.AspNetCore.Components.dll": "sha256-YL7x3NEPGK2\/QAlIi9mhbSLAbPuRaymjMTosxFWjlLQ=",
      "Microsoft.AspNetCore.Components.Web.dll": "sha256-I5E15KFjP5Q86mlu6bxMNFpxnm4Bx1V5JX8AaYlMYlc=",
      "Microsoft.AspNetCore.Components.WebAssembly.dll": "sha256-jZLGUNi\/PCnw9q3fv9CISkfeqzfFrPm143LIAsZYEO4=",
      "Microsoft.Extensions.Configuration.Abstractions.dll": "sha256-X\/f4fDl2cuIRXeWHhK\/f2UqQbFioD+RU4a4CEh0zrrQ=",
      "Microsoft.Extensions.Configuration.dll": "sha256-DBOKSPriP2JDxVbbWrLXyD3K4\/x3RBifNBWk\/q1I39M=",
      "Microsoft.Extensions.Configuration.Json.dll": "sha256-nTqLKuydttqLtE3VT3p6XhPmLxuaJDd0cL3Qzt8D4Ro=",
      "Microsoft.Extensions.DependencyInjection.Abstractions.dll": "sha256-5IBi6URg+sy+1YhotN1IeORfAE8KbGp0EOcEXx23z0E=",
      "Microsoft.Extensions.DependencyInjection.dll": "sha256-qi0kE7rp0kdsNqdL6DyPZEeimjUGvcLT4iWQX0YnRus=",
      "Microsoft.Extensions.Logging.Abstractions.dll": "sha256-x+N2sgSEct\/XXqose+TJ\/\/8DQXHbcSLTTD03Y22EXT8=",
      "Microsoft.Extensions.Logging.dll": "sha256-oEPPw1EPpaOHv+EHwoT2WcgDiRbjEXxigiW7V44cIYE=",
      "Microsoft.Extensions.Options.dll": "sha256-wre+hKKXkMGMevyOJFZjGvHYCrTSOFu4So3qzesaeIA=",
      "Microsoft.Extensions.Primitives.dll": "sha256-eXvGx2jcjpTPEJoAHBsW\/VuMPbNyyU+AsuhPmkzSSRY=",
      "Microsoft.JSInterop.dll": "sha256-URCpvFbczu3GFfSybf5P7VXyYq1\/wSKHT\/X1+tDsYEo=",
      "Microsoft.JSInterop.WebAssembly.dll": "sha256-slx0GTjKTzH0al2gU4HdJ4yyw\/+8nhGoRKJASx\/1mE4=",
      "MQTTnet.dll": "sha256-0QheRPlZl48jMUy2YQ0bxG1+Z5Zyv8WvrgHut\/DuGhU=",
      "MQTTnet.Extensions.ManagedClient.dll": "sha256-aZSTa1UNEoKhqDPtT9LEvg2sKWkijLgNqvfErf5LPY0=",
      "System.Collections.Concurrent.dll": "sha256-JRavaLVcb\/ecZppCOtsO15P8HBRTjYl9\/Ypu31iHTKc=",
      "System.Collections.dll": "sha256-mgWc6SDSppvThI1gT7qFvm6lyRsJtWxr\/DMlJeOc\/0c=",
      "System.Collections.NonGeneric.dll": "sha256-3d7VYC41fvJuK+xUVn6\/Mn0ERNwbwzP9dVAwkVeq\/G8=",
      "System.ComponentModel.Annotations.dll": "sha256-Ec\/SFoJXwKU1iri5S+0XTc1C2VkbCNPeLEL+\/uE9Lyc=",
      "System.ComponentModel.dll": "sha256-nDL4uAnV8XjBp7HMR8402tCIjKLnxen\/fQEcevUyqXs=",
      "System.ComponentModel.Primitives.dll": "sha256-qE+YXBWal9fZpIZkXNZK\/I\/u0yauzyH6xo9NRx5J5x4=",
      "System.ComponentModel.TypeConverter.dll": "sha256-bvCnIligX5uWLyp3rRbHV56GSwqUGbBbGsuqGRfWLAk=",
      "System.Console.dll": "sha256-wOSbds8N3h6FwJoCn4Zi2Jgvk2PYB9Ghav0VVJFtjJk=",
      "System.dll": "sha256-hrY8bIW10ujyb7iQCAviuqj5+4GYhUHs3Bms4RI\/7Jo=",
      "System.Formats.Asn1.dll": "sha256-3UgNWpawaxSwaNs4bZD89YxSkEojmJL0RXGfj68gyhY=",
      "System.Linq.dll": "sha256-tA+C5w80FhjlLGZYlSG\/jbO+KSrMXf5shFvAytbkOxw=",
      "System.Memory.dll": "sha256-Ld0mdeuW\/FIFU130WqEEckVVJtxIGZO0+xBfSlhZ1qY=",
      "System.Net.Http.dll": "sha256-iRLzNyw1xxYXQLRIiPVc3MJBO6Wk7kW7vPGX1Otm6ic=",
      "System.Net.Http.Json.dll": "sha256-Bjqx0812F4ZXQprsEztfnRx2PY+vqztjaVZQbYPc2ls=",
      "System.Net.Primitives.dll": "sha256-dD7HALgr\/UK0UncbHwsxrP97ZMNFfCt2sghgdigD\/ls=",
      "System.Net.Security.dll": "sha256-5SdJyXZcin3d7HGBCDoHq\/yw3YnSCaSrJv5m1fBGenQ=",
      "System.Net.Sockets.dll": "sha256-pBvbgSpcRJP0EBSpKjMay5TPcE20W0W+B80T7Bs0uAk=",
      "System.Net.WebProxy.dll": "sha256-67AM+g4OwNNCYbPc8\/ZiLwB4cG2KetTQVvYp0jHvgeY=",
      "System.Net.WebSockets.Client.dll": "sha256-ItAngJgFqD+0\/F2RrxNSCD4XbhXhuN8wO7U78TKGAhY=",
      "System.Net.WebSockets.dll": "sha256-A2WR5RDn8i2O0by6QuhhjjO2fspPiRXpSdKB5dprSqM=",
      "System.ObjectModel.dll": "sha256-tRoMhkjpWI5CQvohdc\/9HwVDWyxCJDjd3ESwjrXZIvQ=",
      "System.Private.CoreLib.dll": "sha256-YTHgaolKs8Z2pvmPhDBgaaAG609z1brzEcWLsYDQUd0=",
      "System.Private.Uri.dll": "sha256-\/\/1xpSUh19XJwtEMP3l8hqeac5OvsbQsKplf+ZUz6ks=",
      "System.Runtime.dll": "sha256-Tz6dOmktkqd5UbHUZCX3t40XsOZU6TJeHjfBtQM\/jFc=",
      "System.Runtime.InteropServices.dll": "sha256-OkkNNYOGbkMSGP+2ANy2qs3nYEOtHSJBwgLlWdb8fxk=",
      "System.Runtime.InteropServices.JavaScript.dll": "sha256-z3rEdYhUab9H1m\/rmA+ivmvcVMj1HKEb+q1ogIkxY\/8=",
      "System.Runtime.Numerics.dll": "sha256-yXtMKxr8y+iEVlIZ3lUvnTIAyjyxPXLoTHcD\/Ppbg28=",
      "System.Security.Cryptography.dll": "sha256-a8RntlHosMczW1dJcZZ\/8Gip5oq9ycs6siyXvYPgmp8=",
      "System.Security.Cryptography.X509Certificates.dll": "sha256-GL1RSyaayEBUqwQJ+\/1eVEOurbXw95YbPvnr86FyHFg=",
      "System.Text.Encodings.Web.dll": "sha256-xI0zCH0pPePsNMfDlBt0akz7DWAFz9MNlPswfkaRcyA=",
      "System.Text.Json.dll": "sha256-AuactKeujhnI2cTD5TQw4p8\/Ik326zvkjTELIxRd\/8E=",
      "System.Text.RegularExpressions.dll": "sha256-1IZnCW4BPcLd3nLnzOOnwHQ444\/DX7iNEkf+AMpt3N0=",
      "System.Threading.dll": "sha256-MMelCf0HP3Bvw4MYIyVVSmbdBEdcWb7TJVNKQnr3MpE=",
      "System.Threading.Thread.dll": "sha256-fBNwhtosXCYFt46lB6At3ouDe\/nYuKG4g3awNPdYPpA=",
      "ZUSE.Client.dll": "sha256-CRLNbfP5bkm5N7W43O4jFwiJva\/o8RTK4J8AQMPa+xQ=",
      "ZUSE.Shared.dll": "sha256-2DCBz3KhF+JvSGgpeaXk\/OH4Th0nZjD\/+8RPZ3VlQcM="
    },
    "extensions": null,
    "lazyAssembly": null,
    "libraryInitializers": null,
    "pdb": null,
    "runtime": {
      "dotnet.7.0.5.lyfm813zgw.js": "sha256-EgYO0535pKsXOgn57uJvr0YEHIyQFBGRLbUQnVrkWgc=",
      "dotnet.timezones.blat": "sha256-rIVQOJ+gHn4DeRSq6Ac3CURS8YBJG3P4CtYPfIuZ\/kk=",
      "dotnet.wasm": "sha256-6YTNNkf67joZ6ayXoKV9LJHAbPrbwth8ULWKLZkK80U=",
      "icudt_CJK.dat": "sha256-SZLtQnRc0JkwqHab0VUVP7T3uBPSeYzxzDnpxPpUnHk=",
      "icudt_EFIGS.dat": "sha256-8fItetYY8kQ0ww6oxwTLiT3oXlBwHKumbeP2pRF4yTc=",
      "icudt_no_CJK.dat": "sha256-L7sV7NEYP37\/Qr2FPCePo5cJqRgTXRwGHuwF5Q+0Nfs=",
      "icudt.dat": "sha256-tO5O5YzMTVSaKBboxAqezOQL9ewmupzV2JrB5Rkc8a4="
    },
    "runtimeAssets": {
      "dotnet.wasm": {
        "behavior": "dotnetwasm",
        "hash": "sha256-6YTNNkf67joZ6ayXoKV9LJHAbPrbwth8ULWKLZkK80U="
      }
    },
    "satelliteResources": null
  }
}