{
  "cacheBootResources": true,
  "config": [ ],
  "debugBuild": false,
  "entryAssembly": "ZUSE.Client",
  "icuDataMode": 0,
  "linkerEnabled": true,
  "resources": {
    "assembly": {
      "Blazored.LocalStorage.dll": "sha256-eXVgTw72kEn74FZgDQbLtvAmXbiZDSj5gzUnxVmwowQ=",
      "Microsoft.AspNetCore.Components.dll": "sha256-Pnv7TGKYykdF\/pm16JWcpcfWKys5XlW7ZO3y2WhOLYA=",
      "Microsoft.AspNetCore.Components.Web.dll": "sha256-xbljJkHE5KLll7mQpC+wXP9vzkyjydGEqjedSx\/04pU=",
      "Microsoft.AspNetCore.Components.WebAssembly.dll": "sha256-2Jg3mQhCSyqkofbgXHMRw0whL7fAl07+VKYd0lApk7I=",
      "Microsoft.Extensions.Configuration.Abstractions.dll": "sha256-X\/f4fDl2cuIRXeWHhK\/f2UqQbFioD+RU4a4CEh0zrrQ=",
      "Microsoft.Extensions.Configuration.dll": "sha256-DBOKSPriP2JDxVbbWrLXyD3K4\/x3RBifNBWk\/q1I39M=",
      "Microsoft.Extensions.Configuration.Json.dll": "sha256-nTqLKuydttqLtE3VT3p6XhPmLxuaJDd0cL3Qzt8D4Ro=",
      "Microsoft.Extensions.DependencyInjection.Abstractions.dll": "sha256-5IBi6URg+sy+1YhotN1IeORfAE8KbGp0EOcEXx23z0E=",
      "Microsoft.Extensions.DependencyInjection.dll": "sha256-qi0kE7rp0kdsNqdL6DyPZEeimjUGvcLT4iWQX0YnRus=",
      "Microsoft.Extensions.Logging.Abstractions.dll": "sha256-x+N2sgSEct\/XXqose+TJ\/\/8DQXHbcSLTTD03Y22EXT8=",
      "Microsoft.Extensions.Logging.dll": "sha256-oEPPw1EPpaOHv+EHwoT2WcgDiRbjEXxigiW7V44cIYE=",
      "Microsoft.Extensions.Options.dll": "sha256-+Lq6bvoSbvBJkKu5Ktwj749sv7wthRHrYX6JuFlIc\/E=",
      "Microsoft.Extensions.Primitives.dll": "sha256-eXvGx2jcjpTPEJoAHBsW\/VuMPbNyyU+AsuhPmkzSSRY=",
      "Microsoft.JSInterop.dll": "sha256-PV0lT\/ScGd5Eh1e82dA880E1T86GoLpffy8kyNA4ui8=",
      "Microsoft.JSInterop.WebAssembly.dll": "sha256-ClhDy3j6C2coeaYSd71VzhinK6w5QGa2ViwhRhQ6L40=",
      "MQTTnet.dll": "sha256-0QheRPlZl48jMUy2YQ0bxG1+Z5Zyv8WvrgHut\/DuGhU=",
      "MQTTnet.Extensions.ManagedClient.dll": "sha256-aZSTa1UNEoKhqDPtT9LEvg2sKWkijLgNqvfErf5LPY0=",
      "System.Collections.Concurrent.dll": "sha256-65Vv7KgNoTTPahCrBVXxGMAxo9V1NxsRUsR0rB1XBWQ=",
      "System.Collections.dll": "sha256-8EiHV7VLzEb75smCGWelP12sOHybOqbknResfSe+dlk=",
      "System.Collections.NonGeneric.dll": "sha256-Rps4\/1Vx\/sL8GL6NXdWyCO6TKBOQr353l7V8qKY3Us0=",
      "System.ComponentModel.Annotations.dll": "sha256-Xg7OVMw0XHS8fOueBWgmqM5NI\/UaiiMuOVLTwq+Rl94=",
      "System.ComponentModel.dll": "sha256-Ai6Dlg1M21zcB936W5gTAjo76y3+XiR4JS1iNPR0ENA=",
      "System.ComponentModel.Primitives.dll": "sha256-nbNeEXHC\/SAiWZbpnWcUBUm3aAmHnvMbl7jhVFREE8s=",
      "System.ComponentModel.TypeConverter.dll": "sha256-UGVxopou6t6Wb0yTb7ZxVZjIbZteKloZ\/p+ZC+tgCtg=",
      "System.Console.dll": "sha256-OFKnJ3x2TUufQLnCdHpRX3AFJsOD1sJxTDcCrVdDvk8=",
      "System.dll": "sha256-SE5w0R\/2966FzzsrP\/SGXRHMfA1K21SGrJ+nuGYJHSg=",
      "System.Formats.Asn1.dll": "sha256-8wnNBNnk3+6C2NwS7gJiD21L3IyAJFsl+51I0oFHOYk=",
      "System.Linq.dll": "sha256-KWrlxllP+I4viQ3huwxsj2GGP6lXND4\/YT7TuVko8Tg=",
      "System.Memory.dll": "sha256-qGSInNXf2vLydzwfmQreRASLnYCl0bHX3Qz5fjfw6ig=",
      "System.Net.Http.dll": "sha256-Ej621oQ1aCKC+pxmZXMtMkbLiNXr3QV5Q4eoDKHbBf0=",
      "System.Net.Http.Json.dll": "sha256-DKt8+1ZKAo7+skSyvaUOnIjsg1m3Exs07cj9I9oQ0SI=",
      "System.Net.Primitives.dll": "sha256-gS+4yU7W+pBIR8SxdnZX9k5XxGvOyCilYzMnYEVKOuo=",
      "System.Net.Security.dll": "sha256-Gd3TXthiv+sAFeGMd33nqfJlKELUJLgV+JUO7EONE1w=",
      "System.Net.Sockets.dll": "sha256-j47GlttmJh5gwK870BOnGg01B8iKw8lBFzinSH\/+4o4=",
      "System.Net.WebProxy.dll": "sha256-qH2dcbAf8VpmVJxocpN2Fsg4BDCXSXGWnI\/uvaKlj9M=",
      "System.Net.WebSockets.Client.dll": "sha256-Btmpoj1ugDeuWZcQOHvsoUk8iyyD3nFmAxU2CO75bG0=",
      "System.Net.WebSockets.dll": "sha256-\/KMsHJN3HJyGFMVtxdsz8oFVA6y2QJ5kyta2E193gF0=",
      "System.ObjectModel.dll": "sha256-Fm+rO9xh+dPWqj3soOVB1r0Uqz47UWBGSJnDovXOLkA=",
      "System.Private.CoreLib.dll": "sha256-KPncRTpLvXix4BD7CfLDd1b+8nkEpIUgEtqaq51xWIA=",
      "System.Private.Uri.dll": "sha256-QO\/Bs\/SuFv0eA3\/ieMQvdv6unB+8wqpsXa4+BV1sQog=",
      "System.Runtime.dll": "sha256-73R3gBeuXvpuZf8VgjjLngF5nvgMpJBfiX7bIIUFBio=",
      "System.Runtime.InteropServices.dll": "sha256-FN6KybItJ\/+auzCfeKK7HLPMhVrXDD2NOJnj0VspgLw=",
      "System.Runtime.InteropServices.JavaScript.dll": "sha256-NvX0tMSkcBxOqR5mu+x\/1EsVO1nTtIGjr5T+b\/e\/rLk=",
      "System.Runtime.Numerics.dll": "sha256-\/K+lrLGrVEVUdL\/LAPYVwxRJ51nBjAJEtqtfma6pIzU=",
      "System.Security.Cryptography.dll": "sha256-4UyhOIluRvAU+4uEtkSU7Q1c52vC2wbrABQcfVyBrrs=",
      "System.Security.Cryptography.X509Certificates.dll": "sha256-9ur\/OIBn2c4JgA65\/UxeQLBSmblYq\/sUx0zEjwJEqpE=",
      "System.Text.Encodings.Web.dll": "sha256-HJTrpZzZwWWrhb9fBDZ8PoVDylCQLkc+zVtMtihZO8M=",
      "System.Text.Json.dll": "sha256-vmoUvKqLVVOG+PVlsx6zfzF75BrDMYqMW45Pv+sU3Oo=",
      "System.Text.RegularExpressions.dll": "sha256-n+0kUEJvsGPuqrShnv0gSQIMKl7wsf8ycCa1FiJyOT4=",
      "System.Threading.dll": "sha256-skxZ5c1qbNfYKSVxIoJy9+RrLD5Zf9xVpRXNsNJIVME=",
      "System.Threading.Thread.dll": "sha256-XvUscHsXVhbqcqtBW+N+xgkHO6f3ohRgwbXhUWFf92Q=",
      "ZUSE.Client.dll": "sha256-L+8NBjHPbaT1t2EByJWpUlyO+ki35ouywSM123zq23M=",
      "ZUSE.Shared.dll": "sha256-QXtigqM5CgzdlfKCsU4tF9LJuBOeA0R9FRSkmYHWqAE="
    },
    "extensions": null,
    "lazyAssembly": null,
    "libraryInitializers": null,
    "pdb": null,
    "runtime": {
      "dotnet.7.0.2.9qd6xr5i05.js": "sha256-s2Dh5j9IpzxLHDuArO4cZLnA61dzyj0aoHWRtcWf8Ks=",
      "dotnet.timezones.blat": "sha256-ics+RIevvtH3z9plMxv4\/GSMK9+LKYd9sy3FRRI5qTI=",
      "dotnet.wasm": "sha256-JxBaHj4DyLwQ7pOpdICW1XEDmDoIN7zoiMYWicwAAp0=",
      "icudt_CJK.dat": "sha256-SZLtQnRc0JkwqHab0VUVP7T3uBPSeYzxzDnpxPpUnHk=",
      "icudt_EFIGS.dat": "sha256-l7NtS3cI+3VUoQ2XQvlzMb8x4Ow1BtnOJNLWc6bifW0=",
      "icudt_no_CJK.dat": "sha256-SNAStZO8ryN4gEbGzRYHea+b+VMpFMMNWXKTM3Y1gH4=",
      "icudt.dat": "sha256-DXO3tJHXDOV4qgW\/w8ooggAgZdAVpa5ZllYYAQWpYIk="
    },
    "runtimeAssets": {
      "dotnet.wasm": {
        "behavior": "dotnetwasm",
        "hash": "sha256-JxBaHj4DyLwQ7pOpdICW1XEDmDoIN7zoiMYWicwAAp0="
      }
    },
    "satelliteResources": null
  }
}